{
    "fletching": {
        "stick": {
            "level": 1,
            "experience": 10,
            "requirements": [
                {
                    "key": "logs",
                    "count": 1
                }
            ],

            "result": {
                "count": 4
            }
        },

        "bowlsmall": {
            "level": 1,
            "experience": 20,
            "requirements": [
                {
                    "key": "stick",
                    "count": 2
                }
            ],

            "result": {
                "count": 1
            }
        },

        "bowlmedium": {
            "level": 5,
            "experience": 30,
            "requirements": [
                {
                    "key": "stick",
                    "count": 4
                }
            ],

            "result": {
                "count": 1
            }
        },

        "arrow": {
            "level": 1,
            "experience": 10,
            "requirements": [
                {
                    "key": "stick",
                    "count": 10
                },
                {
                    "key": "feather",
                    "count": 10
                }
            ],

            "result": {
                "count": 10
            }
        },

        "woodenbow": {
            "level": 5,
            "experience": 20,
            "requirements": [
                {
                    "key": "logs",
                    "count": 1
                },
                {
                    "key": "string",
                    "count": 1
                }
            ],

            "result": {
                "count": 1
            }
        },

        "goldenbow": {
            "level": 32,
            "experience": 650,
            "requirements": [
                {
                    "key": "goldbar",
                    "count": 15
                },
                {
                    "key": "string",
                    "count": 10
                },
                {
                    "key": "logs",
                    "count": 2
                }
            ],

            "result": {
                "count": 1
            }
        }
    },

    "cooking": {
        "cookedshrimp": {
            "level": 1,
            "experience": 20,
            "requirements": [
                {
                    "key": "rawshrimp",
                    "count": 1
                }
            ],

            "result": {
                "count": 1
            }
        },

        "stew": {
            "level": 1,
            "experience": 50,
            "requirements": [
                {
                    "key": "bowlmedium",
                    "count": 1
                },
                {
                    "key": "mushroom1",
                    "count": 1
                },
                {
                    "key": "tomato",
                    "count": 1
                }
            ],

            "result": {
                "count": 1
            }
        },

        "stew2": {
            "level": 1,
            "experience": 65,
            "requirements": [
                {
                    "key": "bowlmedium",
                    "count": 1
                },
                {
                    "key": "mushroom2",
                    "count": 1
                },
                {
                    "key": "corn",
                    "count": 1
                }
            ],

            "result": {
                "count": 1
            }
        },

        "jellyfishsmoothie": {
            "level": 10,
            "experience": 45,
            "requirements": [
                {
                    "key": "jellyfish",
                    "count": 1
                }
            ],

            "result": {
                "count": 1
            }
        },

        "clamchowder": {
            "level": 15,
            "experience": 85,
            "requirements": [
                {
                    "key": "clamobject",
                    "count": 1
                },

                {
                    "key": "potato",
                    "count": 1
                },

                {
                    "key": "bowlsmall",
                    "count": 1
                }
            ],

            "result": {
                "count": 1
            }
        },

        "rawsausage": {
            "level": 15,
            "experience": 100,
            "requirements": [
                {
                    "key": "rawbeef",
                    "count": 1
                },
                {
                    "key": "rawchicken",
                    "count": 1
                }
            ],

            "result": {
                "count": 1
            }
        },

        "cookedchicken": {
            "level": 15,
            "experience": 100,
            "requirements": [
                {
                    "key": "rawchicken",
                    "count": 1
                }
            ],

            "result": {
                "count": 1
            }
        },
        
        "cookedbeef": {
            "level": 15,
            "experience": 100,
            "requirements": [
                {
                    "key": "rawbeef",
                    "count": 1
                }
            ],

            "result": {
                "count": 1
            }
        },

        "cookedsausage": {
            "level": 15,
            "experience": 100,
            "requirements": [
                {
                    "key": "rawsausage",
                    "count": 1
                }
            ],

            "result": {
                "count": 1
            }
        },

        "tunasushi": {
            "level": 20,
            "experience": 130,
            "requirements": [
                {
                    "key": "rawtuna",
                    "count": 1
                },
                {
                    "key": "kelp",
                    "count": 1
                }
            ],

            "result": {
                "count": 1
            }
        },

        "hotsauce": {
            "level": 25,
            "experience": 150,
            "requirements": [
                {
                    "key": "chilli",
                    "count": 5
                }
            ],

            "result": {
                "count": 1
            }
        }
    },

    "smelting": {
        "copperbar": {
            "level": 1,
            "experience": 20,
            "chance": 90,
            "requirements": [
                {
                    "key": "copperore",
                    "count": 1
                },

                {
                    "key": "coal",
                    "count": 1
                }
            ],

            "result": {
                "count": 1
            }
        },

        "tinbar": {
            "level": 1,
            "experience": 20,
            "chance": 90,
            "requirements": [
                {
                    "key": "tinore",
                    "count": 1
                },

                {
                    "key": "coal",
                    "count": 1
                }
            ],

            "result": {
                "count": 1
            }
        },

        "bronzebar": {
            "level": 5,
            "experience": 20,
            "chance": 70,
            "requirements": [
                {
                    "key": "copperore",
                    "count": 1
                },
                {
                    "key": "tinore",
                    "count": 1
                }
            ],

            "result": {
                "count": 1
            }
        },

        "ironbar": {
            "level": 20,
            "experience": 30,
            "chance": 60,
            "requirements": [
                {
                    "key": "ironore",
                    "count": 1
                },

                {
                    "key": "coal",
                    "count": 1
                }
            ],

            "result": {
                "count": 1
            }
        },

        "goldbar": {
            "level": 20,
            "experience": 50,
            "chance": 40,
            "requirements": [
                {
                    "key": "goldore",
                    "count": 1
                },

                {
                    "key": "coal",
                    "count": 1
                }
            ],

            "result": {
                "count": 1
            }
        }
    },

    "smithing": {
        "hilt2": {
            "level": 1,
            "experience": 20,
            "requirements": [
                {
                    "key": "ironbar",
                    "count": 1
                },

                {
                    "key": "logs",
                    "count": 1
                }
            ],

            "result": {
                "count": 1
            }
        },
        
        "sword2": {
            "level": 1,
            "experience": 20,
            "requirements": [
                {
                    "key": "ironbar",
                    "count": 2
                },

                {
                    "key": "hilt2",
                    "count": 1
                }
            ],

            "result": {
                "count": 1
            }
        },

        "axe": {
            "level": 3,
            "experience": 35,
            "requirements": [
                {
                    "key": "ironbar",
                    "count": 3
                },

                {
                    "key": "logs",
                    "count": 1
                }
            ],

            "result": {
                "count": 1
            }
        },

        "pickaxe": {
            "level": 5,
            "experience": 50,
            "requirements": [
                {
                    "key": "ironbar",
                    "count": 5
                },

                {
                    "key": "logs",
                    "count": 1
                }
            ],

            "result": {
                "count": 1
            }
        },

        "goldbar": {
            "level": 1,
            "experience": 20,
            "requirements": [
                {
                    "key": "goldnugget",
                    "count": 1
                }
            ],

            "result": {
                "count": 1
            }
        },

        "silverring": {
            "level": 1,
            "experience": 20,
            "requirements": [
                {
                    "key": "ironbar",
                    "count": 2
                }
            ],

            "result": {
                "count": 1
            }
        },

        "goldring": {
            "level": 1,
            "experience": 20,
            "requirements": [
                {
                    "key": "goldbar",
                    "count": 2
                }
            ],

            "result": {
                "count": 1
            }
        },

        "goldensword": {
            "level": 62,
            "experience": 350,
            "requirements": [
                {
                    "key": "goldbar",
                    "count": 15
                },

                {
                    "key": "hilt2",
                    "count": 1
                }
            ],

            "result": {
                "count": 1
            }
        },

        "goldboots": {
            "level": 62,
            "experience": 350,
            "requirements": [
                {
                    "key": "goldbar",
                    "count": 15
                }
            ],

            "result": {
                "count": 1
            }
        }
    },

    "crafting": {
        "string": {
            "level": 1,
            "experience": 10,
            "requirements": [
                {
                    "key": "bluelily",
                    "count": 1
                }
            ],

            "result": {
                "count": 1
            }
        },
        
        "bucket": {
            "level": 10,
            "experience": 35,
            "requirements": [
                {
                    "key": "logs",
                    "count": 5
                }
            ],

            "result": {
                "count": 1
            }
        },

        "staff": {
            "level": 1,
            "experience": 20,
            "requirements": [
                {
                    "key": "stick",
                    "count": 5
                },

                {
                    "key": "bead",
                    "count": 1
                }
            ],

            "result": {
                "count": 1
            }
        },

        "lightningstaff": {
            "level": 10,
            "experience": 80,
            "requirements": [
                {
                    "key": "staff",
                    "count": 1
                },

                {
                    "key": "lightningbead",
                    "count": 1
                }
            ],

            "result": {
                "count": 1
            }
        },
        
        "naturestaff": {
            "level": 20,
            "experience": 160,
            "requirements": [
                {
                    "key": "staff",
                    "count": 1
                },

                {
                    "key": "naturebead",
                    "count": 1
                }
            ],

            "result": {
                "count": 1
            }
        },

        "firestaff": {
            "level": 35,
            "experience": 400,
            "requirements": [
                {
                    "key": "staff",
                    "count": 1
                },

                {
                    "key": "firebead",
                    "count": 1
                }
            ],

            "result": {
                "count": 1
            }
        },

        "icestaff": {
            "level": 55,
            "experience": 600,
            "requirements": [
                {
                    "key": "staff",
                    "count": 1
                },

                {
                    "key": "icebead",
                    "count": 1
                }
            ],

            "result": {
                "count": 1
            }
        },

        "berylpendant": {
            "level": 1,
            "experience": 50,
            "requirements": [
                {
                    "key": "beryl",
                    "count": 1
                },
                {
                    "key": "string",
                    "count": 1
                }
            ],

            "result": {
                "count": 1
            }
        },

        "rubypendant": {
            "level": 20,
            "experience": 145,
            "requirements": [
                {
                    "key": "ruby",
                    "count": 1
                },
                {
                    "key": "string",
                    "count": 1
                }
            ],

            "result": {
                "count": 1
            }
        },

        "emeraldpendant": {
            "level": 25,
            "experience": 200,
            "requirements": [
                {
                    "key": "emerald",
                    "count": 1
                },
                {
                    "key": "string",
                    "count": 1
                }
            ],

            "result": {
                "count": 1
            }
        },

        "ring1": {
            "level": 1,
            "experience": 30,
            "requirements": [
                {
                    "key": "emerald",
                    "count": 1
                },
                {
                    "key": "silverring",
                    "count": 1
                }
            ],

            "result": {
                "count": 1
            }
        },

        "nisocring": {
            "level": 5,
            "experience": 20,
            "requirements": [
                {
                    "key": "nisocore",
                    "count": 1
                },
                {
                    "key": "silverring",
                    "count": 1
                }
            ],

            "result": {
                "count": 1
            }
        },

        "pytharring": {
            "level": 5,
            "experience": 20,
            "requirements": [
                {
                    "key": "pytharore",
                    "count": 1
                },
                {
                    "key": "silverring",
                    "count": 1
                }
            ],

            "result": {
                "count": 1
            }
        },

        "topazring": {
            "level": 5,
            "experience": 100,
            "requirements": [
                {
                    "key": "topaz",
                    "count": 1
                },
                {
                    "key": "goldring",
                    "count": 1
                }
            ],

            "result": {
                "count": 1
            }
        },

        "rubyring": {
            "level": 20,
            "experience": 145,
            "requirements": [
                {
                    "key": "ruby",
                    "count": 1
                },
                {
                    "key": "goldring",
                    "count": 1
                }
            ],

            "result": {
                "count": 1
            }
        },

        "emeraldring": {
            "level": 25,
            "experience": 200,
            "requirements": [
                {
                    "key": "emerald",
                    "count": 1
                },
                {
                    "key": "goldring",
                    "count": 1
                }
            ],

            "result": {
                "count": 1
            }
        }
    }
}