{
  "tutorial": {
    "name": "Welcome to Kaetram",
    "description": "Teaching you the very basics of Kaetram.|This tutorial will teach you how to move around, attack, interact with objects and use ranged weapons. Follow the arrows and talk to the NPCs if you are stuck.",
    "rewards": ["Knowledge of the game :)"],
    "stages": {
      "0": {
        "task": "talk",
        "npc": "coder",
        "text": [
          "Hello there bud, I am the programmer of this world.",
          "Like most MMORPGs, this is a tutorial. You must complete it unfortunately.",
          "Do not worry, I coded it to be pretty short.",
          "Go through those doors over there to proceed."],
        "completedText": ["Why don't you just walk through that door over there eh?"],
        "pointer": {
          "type": 0,
          "x": 584,
          "y": 9
        }
      },

      "1": {
        "task": "door",
        "pointer": {
          "type": 0,
          "x": 581,
          "y": 11
        }
      },

      "2": {
        "task": "talk",
        "npc": "guard",
        "text": [
          "I see... a new adventurer.",
          "Let me tell you a bit about these lands.",
          "You'll be killing stuff...",
          "A lot of stuff actually...",
          "And when you're not killing stuff...",
          "You'll still be killing stuff!",
          "But regardless, I won't ask you to kill stuff just yet.",
          "Take this axe and cut down 2 trees for me."
        ],
        "completedText": ["What are you waiting for?", "Go cut me some trees."],
        "itemKey": "axe",
        "popup": {
          "title": "Item acquired!",
          "text": "You've just received an axe! Equip it using your inventory!",
          "colour": "#33cc33"
        },
        "pointer": {
          "type": 0,
          "x": 570,
          "y": 43
        }
      },

      "3": {
        "task": "tree",
        "tree": "tutorialsnowoak",
        "treeCount": 2
      },

      "4": {
        "task": "talk",
        "npc": "guard",
        "text": [
          "Thank you soldier, meet me in the cave below!"
        ],
        "completedText": [
          "I'm not sure what you're waiting for...",
          "head on over to the cave below!"],
        "pointer": {
          "type": 0,
          "x": 570,
          "y": 43
        }
      },

      "5": {
        "task": "door",
        "pointer": {
          "type": 0,
          "x": 574,
          "y": 53
        }
      },

      "6": {
        "task": "talk",
        "npc": "guard",
        "text": [
          "Soldier! We have a crab infestation!", 
          "How did crabs make their way into a",
          "volcanic cave under a snowy field?",
          "You're not here to ask questions soldier!",
          "Use the axe I just gave you to cut down 5 crabs!"],
        "completedText": ["No more chit chatter, go slice me some crabs!"],
        "pointer": {
          "type": 0,
          "x": 544,
          "y": 15
        }
      },

      "7": {
        "task": "kill",
        "mob": ["crab"],
        "mobCountRequirement": 5
      },

      "8": {
        "task": "talk",
        "npc": "guard",
        "text": [
          "Phew, that was a close one. Those crabs can sure do some damage.",
          "Head on over through that portal for the next part of your training!"],
        "completedText": [
          "Well don't just sit there, go through the portal!"
        ],
        "pointer": {
          "type": 0,
          "x": 544,
          "y": 15
        }
      },

      "9": {
        "task": "door",
        "pointer": {
          "type": 0,
          "x": 542,
          "y": 13
        }
      },

      "10": {
        "task": "talk",
        "npc": "sorcerer",
        "text": [
          "Sup there young one, how's it hangin'?",
          "Welcome to my little pocket dimensions I call home!",
          "Over there is my small rat farm!",
          "I'm actually going to need you to uhm...",
          "filter out the population.",
          "Take this bow and shoot 5 of them for me!",
          "Don't worry, in this magical land, you don't need arrows!"],
        "completedText": ["Don't be afraid young one, they'll grow back very quickly!", "Kill 5 rats for me please!"],
        "itemKey": "woodenbow",
        "popup": {
          "title": "Item acquired!",
          "text": "You've just received a bow! Equip it using your inventory!",
          "colour": "#33cc33"
        },
        "pointer": {
          "type": 0,
          "x": 520,
          "y": 37
        }
      },

      "11": {
        "task": "kill",
        "mob": ["rat"],
        "mobCountRequirement": 5
      },

      "12": {
        "task": "npc",
        "npc": "sorcerer",
        "text": [
          "Thank you so much young one!",
          "Rat population tends to get out of control quickly if left unchecked.",
          "Regardless, you are now free to exit through the portal over there!"],
        "completedText": ["Thank you again adventurer! You're free to exit anytime!"],
        "pointer": {
          "type": 0,
          "x": 520,
          "y": 37
        }
      },

      "13": {
        "task": "door",
        "pointer": {
          "type": 0,
          "x": 513,
          "y": 37
        }
      }
    }
  },

  "foresting": {
    "name": "Foresting",
    "description": "Help the forester with foresting stuff.|The forester needs your help with foresting-related things such as trees and axes and stuff like that. I don't know I'm just a quest description stop asking me questions.",
    "rewards": ["A Rusted Axe", "Access to Forester's store"],
    "stages": {
      "0": {
        "task": "talk",
        "npc": "villager",
        "text": [
          "Greetings dear adventurer!",
          "Please, you must help me.",
          "I simply cannot take it much longer, I've been",
          "cutting trees for the past few days.",
          "I'm rather exhausted, would you be so kind as",
          "to bring me 10 logs?"
        ],
        "completedText": [
          "Please adventurer, bring me 10 logs.",
          "That's all I ask from you!"
        ]
      },

      "1": {
        "task": "talk",
        "npc": "villager",
        "hasItemText": [
          "Oh my, dear adventurer",
          "These logs seem to have too many imperfections in them",
          "Would you be so kind as to bring me another 10?"
        ],
        "completedText": ["Please adventurer, I beg of you, just 10 more logs."],
        "itemRequirement": ["logs"],
        "itemRequirementCount": [10]
      },

      "2": {
        "task": "talk",
        "npc": "villager",
        "hasItemText": [
          "Ah yes, you see, these logs are suitable for my needs.",
          "Thank you so much dear adventurer. Please take this reward!"
        ],
        "itemRequirement": ["logs"],
        "itemRequirementCount": [10],
        "itemKey": "rustedaxe",
        "popup": {
          "title": "Quest completed!",
          "text": "@green@You have just finished @crimson@Foresting@green@ quest. You have received a @crimson@Rusted Axe@green@!",
          "colour": "#33cc33"
        }
      }
    }
  },

  "scavenger": {
    "name": "Scavenger",
    "description": "The local village girl needs your help to get out of her responsibilities.|Quick, there is a village girl who does not want to fulfill her duties towards her grandmother and you must go help her immediately. I think this quest involves scavenging for ingredients and stuff but I'm not particularly sure.",
    "rewards": ["Nothing in particular, but it'll be fun!"],
    "stages": {
      "0": {
        "task": "talk",
        "npc": "villagegirl2",
        "text": [
          "Hey you, you look like someone particularly du-",
          "I mean, you look like someone who can help me.",
          "You see, my grandmother asked me to bring her some flowers",
          "and blueberries, and some mushrooms, and some coal, and some logs",
          "and some tomatoes, and some potatoes, and some string, and some strawberries",
          "anyway, I won't have you bring all that.",
          "Can you go check on my grandma first, she's probably in one of those houses",
          "I'm not sure, try looking around."
        ],
        "completedText": [
          "Look through the houses for my grandma and see what she needs."
        ]
      },
      "1": {
        "task": "talk",
        "npc": "oldlady",
        "text": [
          "Oh hello, please don't mind the random tent in my house.",
          "I've been waiting for my granddaughter to bring me some ingredients",
          "but that was months ago. Do you think you can help me out?",
          "I only ask that you bring me 2 tomatoes, 2 strawberries, and a piece of string.",
          "I will grant you a reward if you do.",
          "You can find those ingredients throughout the world, just look around."
        ],
        "completedText": [
          "Please bring me 2 tomatoes, 2 strawberries, and a piece of string."
        ]
      },
      "2": {
        "task": "talk",
        "npc": "oldlady",
        "hasItemText": [
          "Thank you so much young one. You're so helpful.",
          "Unlike that granddaughter of mine.",
          "Here, take this gold as a reward for your troubles."
        ],
        "itemRequirement": ["tomato", "strawberry", "string"],
        "itemRequirementCount": [2, 2, 1],
        "itemKey": "gold",
        "itemCount": 7500,
        "popup": {
          "title": "Quest completed!",
          "text": "@green@You have just finished @crimson@Scavenger@green@. You've been awarded @crimson@7500@green@ gold coins!",
          "colour": "#33cc33"
        }
      }
    }
  },

  "minersquest": {
    "name": "Miner's Quest",
    "description": "The miner needs your help with acuqiring ore.|A miner is in need of your immediate assistance. Instead of going out and looking for ore by himself, he wants to harass random adventurers to do his job for him. You can find him pretending to mine where the desert meets the volcano.",
    "rewards": ["Access to Miner's store", "2000 Mining experience"],
    "stages": {
      "0": {
        "task": "talk",
        "npc": "miner",
        "text": [
          "Oh please, adventurer, please help me.",
          "I'm supposed to be mining, but I really don't feel like it.",
          "Please you must help me before my supervisor finds out.",
          "I need to collect 15 nisoc ores by the end of the day or else",
          "I'm going to be fired!", "Bring me 15 of those ores and I'll",
          "give you access to my store!"],
        "completedText": [
          "Please hurry, the time is ticking!",
          "Bring me 15 nisoc ores."]
      },
      "1": {
        "task": "talk",
        "npc": "miner",
        "hasItemText": [
          "Phew, thank you for your help, now I can just do nothing.",
          "It sure is nice being self-employed eh?",
          "Come back any time and I'll buy your ores at a better price",
          "than any other store!"
        ],
        "itemRequirement": ["nisocore"],
        "itemRequirementCount": [15],
        "skill": "mining",
        "experience": 2000,
        "popup": {
          "title": "Quest completed!",
          "text": "@green@You have just finished @crimson@Miner's Quest@green@. You've been awarded @crimson@2000@green@ Mining experience!",
          "colour": "#33cc33"
        }
      }
    }
  },

  "minersquest2": {
    "name": "Miner's Quest II",
    "description": "The miner is at it again, this time he doesn't just need ores.|The miner requires your help once again, this time his sketch creations include bars of metals and stuff like that. You should probably go see what he's up to and whatnot.",
    "rewards": ["Access to the mining cave"],
    "skillRequirements": {"mining": 30},
    "questRequirements": ["minersquest"],
    "stages": {
      "0": {
        "task": "talk",
        "npc": "miner",
        "text": [
          "Oh it's you again, seems you didn't learn your lesson last time.",
          "Anyway, what do you say you help me out again, this time I need",
          "to do something with the ores I've collected.",
          "But I'm not gonna give them to you, you have to actually go",
          "and collect ores again and this time smelt them.",
          "Doesn't that sound like an amazing deal where only I benefit?",
          "Tell you what, you help me out and I will give you access to",
          "my special secret cave where only miners are allowed.",
          "Okay so anyway, I need you to bring me 5 tin bars, 5 copper bars."
        ],
        "completedText": [
          "Please hurry, the time is ticking!",
          "Bring me 5 tin bars and 5 copper bars."]
      },

      "1": {
        "task": "talk",
        "npc": "miner",
        "hasItemText": [
          "Oh wonderful, but unfortunately it's not enough.",
          "I want you to bring me 5 bronze bars."
        ],
        "completedText": [
          "Please hurry, the time is ticking!",
          "Bring me 5 bronze bars."],
        "itemRequirement": ["tinbar", "copperbar"],
        "itemRequirementCount": [5, 5]
      },

      "2": {
        "task": "talk",
        "npc": "miner",
        "hasItemText": [
          "Okay fine, I think I'm done sending you on errands.",
          "For now that is, who knows maybe I'll need you in",
          "the future for redundant tasks like these.",
          "Thank you for your help, I guess you can use my cave now."
        ],
        "itemRequirement": ["bronzebar"],
        "itemRequirementCount": [5],
        "popup": {
          "title": "Quest completed!",
          "text": "@green@You have just finished @crimson@Miner's Quest II@green@. You've been awarded @crimson@Access to the mining cave@green@!",
          "colour": "#33cc33"
        }
      }
    }
  },

  "sorcery": {
    "name": "Sorcery and Stuff",
    "description": "Learn the basics to sorcery|The sorcerer needs your help to re-assemble a long-lost magic staff that he lost on the beach. Help him out and perhaps he may teach you a thing or two about sorcery and stuff.",
    "rewards": ["A Magic Staff", "Access to Sorcerer's store"],
    "stages": {
      "0": {
        "task": "talk",
        "npc": "sorcerer",
        "text": [
          "Oh dear adventurer, it's you! One of the thousands",
          "I've trained and definitely not someone I don't remember.",
          "Listen, I'm on vacation here and was relaxing on the beach",
          "when all of the sudden I lost my entire magic contrband!",
          "I can't run a business if I don't have my equipment.",
          "Tell you what, if you bring me back 3 magic beads, I'll",
          "grant you access to my shop!", "You'll be taught how to",
          "craft your own magic staffs!"
        ],
        "completedText": [
          "Please bring me 3 magic beads.",
          "If I recall correctly, some big macho crab took it",
          "and then retreated in a cave west of here."
        ]
      },

      "1": {
        "task": "talk",
        "npc": "sorcerer",
        "hasItemText": [
          "Perfect, just perfect. These will surely be great."
        ],
        "itemRequirement": ["bead"],
        "itemRequirementCount": [3],
        "itemKey": "staff",
        "popup": {
          "title": "Quest completed!",
          "text": "@green@You have just finished @crimson@Sorcery and Stuff@green@ quest. You have received a @crimson@Magic Staff@green@!",
          "colour": "#33cc33"
        }
      }
    }
  },

  "desertquest": {
    "name": "Desert Quest",
    "description": "Help the dying adventurer send a letter to his wife.|The adventurer is dying and is in dire need of your help with super important matters prior to his death. You can find him in the desert.",
    "rewards": ["Secret Reward"],
    "hideNPCs": { "lavanpc": "after" },
    "stages": {
      "0": {
        "task": "talk",
        "npc": "lavanpc",
        "text": [
          "Please dear adventurer, beware of what lies ahead.",
          "I am no longer able to carry on forth.",
          "Would you please be so kind as to aid me?",
          "I must tell my wife I will no longer be coming home.",
          "Could you deliver this CD for me?",
          "She lives south of the desert."
        ],
        "completedText": [
          "Please adventurer, deliver the CD.",
          "It's my new Demo Tape, I must ensure she hears it."
        ],
        "itemKey": "cd"
      },

      "1": {
        "task": "talk",
        "npc": "villagegirl",
        "text": [
          "Hello? Why are you in my house..?"
        ],
        "hasItemText": [
          "Who are you and why are you in my house?",
          "Is it about my husband?",
          "Oh my god I knew it, that bastard is cheating on me!",
          "Wait, I can sorta read your thoughts.",
          "Oh no, he's dying. That is super sad",
          "He wanted me to have this CD?",
          "That bastard is still trying to sell his",
          "demo tape even on his death bed.",
          "Tell him I'll take it but will probably never listen to it."
        ],
        "completedText": [
          "Go on now, tell him."
        ],
        "itemRequirement": ["cd"]
      },

      "2": {
        "task": "talk",
        "npc": "lavanpc",
        "text": [
          "Well? Did you tell her? Was she super happy?",
          "Oh she said she'll take it?",
          "Well, at least I can die knowing I was unloved."
        ],
        "completedText": [
          "Farewell adventurer, this may be the last time we meet."
        ],
        "popup": {
          "title": "Quest completed!",
          "text": "@green@You have just finished @crimson@Desert Quest@green@. You have gained nothing out of that!",
          "colour": "#33cc33"
        }
      }
    }
  },

  "seaactivities": {
    "name": "Sea Activities",
    "description": "A mysterious being needs your help under the sea.|Venture under the sea by unlocking a secret entrance on the beach and talk to a fishy being about some underwater sea activities. If I remember correctly he may need your help with something.",
    "rewards": ["1000 gold"],
    "stages": {
      "0": {
        "task": "talk",
        "npc": "sponge",
        "text": [
          "HELP ME PLEASE!", "THE EVIL SEA CUCUMBER STOLE MY MONEY",
          "I SWEAR!", "PLEASE HE WENT SOMEWHERE SOUTH OF HERE",
          "FIND HIM PLEASE AND GET MY MONEY BACK!"
        ],

        "completedText": [
          "FIND THE SEA CUCUMBER PLEASE!"
        ]
      },

      "1": {
        "task": "talk",
        "npc": "picklenpc",
        "text": [
          "Wait why are you here in my house?", "Is it about that stupid sponge?",
          "Listen man, I only took his money because he owed me",
          "a lot of money for the last 10 years.", "I'm not giving it back.",
          "Now get out of my house."
        ],

        "completedText": [
          "I said I'm not giving it back, now beat it."
        ]
      },

      "2": {
        "task": "talk",
        "npc": "sponge",
        "text": [
          "Did you get my money back?", "He doesn't want to give it back?",
          "Tell that stupid cucumber to give it back or else!"
        ],

        "completedText": [
          "Go tell him to give me my money back!"
        ]
      },

      "3": {
        "task": "talk",
        "npc": "picklenpc",
        "text": [
          "Okay you know what, I asked you to leave my house",
          "if you don't want to do that, then I'll have to fight you.",
          "I'll meet you in my personal arena then."
        ],

        "completedText": [
          "Go through the door and fight me fair and square!"
        ]
      },

      "4": {
        "task": "kill",
        "mob": ["picklemob"],
        "mobCountRequirement": 1
      },

      "5": {
        "task": "talk",
        "npc": "picklenpc",
        "text": [
          "All right all right. You win, I'll give that stupid sponge his gold.",
          "Here, now get out of here and leave me alone."
        ],
        "itemKey": "gold",
        "popup": {
          "title": "Item acquired!",
          "text": "The mysterious pickle-looking cucumber just gave you 1 whole gold coin!",
          "colour": "#33cc33"
        }
      },

      "6": {
        "task": "talk",
        "npc": "sponge",
        "hasItemText": [
          "Thank you adventurer! With this gold I can finally buy a new house!",
          "Just you look at me, Mr. Sponge, homeowner!"
        ],
        "itemRequirement": ["gold"],
        "itemKey": "gold",
        "itemCount": 10000,
        "popup": {
          "title": "Quest completed!",
          "text": "@green@You have just finished @crimson@Sea Activities@green@. You have gained 10000 gold!",
          "colour": "#33cc33"
        }
      }
    }
  },

  "royaldrama": {
    "name": "Royal Drama",
    "description": "The king of Kaetram is in need of your help.|The king of Kaetram is missing and no one knows about his whereabouts. Perhaps you should go speak to the guards and see what they might not know about him.",
    "rewards": ["Access to the castle"],
    "hideNPCs": { "king": "before", "king2": "after", "royalguard2": "after" },
    "stages": {
      "0": {
        "task": "talk",
        "npc": "royalguard2",
        "text": [
          "Sir, please, you must help us.",
          "We were moving the king around to this new and improved castle",
          "and then we lost him.", "We were walking over the local sewers",
          "and I think he may have fallen off into the sewers.",
          "We didn't notice until we got here, honest to god!",
          "You should try searching the sewers and see if you can find any clues."
        ],
        "completedText": [
          "Please, you must help us find the king.",
          "Look into the sewers and see if you can find any clues."
        ]
      },

      "1": {
        "task": "talk",
        "npc": "ratnpc",
        "text": [
          "No please don't hit me.", "Listen I'll tell you everything I know about the king.",
          "I saw him fall into the sewers, and he went into one of these pipes.",
          "I know there should be a way to get deeper into the sewers from here.",
          "That's all I know I swear!"
        ],
        "completedText": [
          "I'm telling you everything I know about the king!",
          "Just look deeper into the sewer."
        ]
      },

      "2": {
        "task": "talk",
        "npc": "king2",
        "text": [
          "Oh dear adventurer, thank you so much for finding me.",
          "Those filthy guards threw me in the sewers and didn't look back.",
          "I will reward you greatly for your help.",
          "Now I have to go back to the castle and get my affairs in order."
        ],

        "itemKey": "gold",
        "itemCount": 10000,

        "popup": {
          "title": "Quest completed!",
          "text": "@green@You have just finished @crimson@Royal Drama@green@. You have gained 10000 gold!",
          "colour": "#33cc33"
        }
      }
    }
  },

  "artsandcrafts": {
    "name": "Arts and Crafts",
    "description": "Help the old lady on the great mountai with her crafts.|The old lady on the great mountain is very cold and needs a brave adventurer to run errands for her. In exchange you will be taught how to start crafting items.",
    "rewards": ["Access to crafting benches"],
    "stages": {
      "0": {
        "task": "talk",
        "npc": "iamverycoldnpc",
        "text": [
          "Hello there young one...",
          "Would you be interested in learning how to craft things?",
          "I can teach you, but you'll need to bring me some materials first.",
          "I'm gonna teach you how to make pendants.",
          "First bring me some string, you can craft it by finding blue lilies.",
          "Secondly I will need some beryl, you can find it in various caves.",
          "You can use the crafting table to make a Beryl Pendant."
        ],

        "completedText": [
          "Bring me some string and some beryl gemstone and use it to make a pendant."
        ]
      },

      "1": {
        "task": "talk",
        "npc": "iamverycoldnpc",
        "hasItemText": [
          "Wonderful, now you can use crafting in combination with other skills",
          "to create more complex items. Fletch a small bowl and bring it to me."
        ],
        "completedText": [
          "Fletch me a small bowl and bring it to me."
        ],

        "itemRequirement": ["berylpendant"]
      },

      "2": {
        "task": "talk",
        "npc": "iamverycoldnpc",
        "hasItemText": [
          "Perfect, I'm gonna take that bowl just to annoy you. Go make another",
          "one and use this tomato to make a stew using the cauldron.",
          "You may need to go find the rest of the ingredients, I'm getting old."
        ],
        "completedText": [
          "Try making a stew using a bowl, a tomato, and the cauldron."
        ],

        "itemRequirement": ["bowlsmall"],
        "itemKey": "tomato"
      },

      "3": {
        "task": "talk",
        "npc": "iamverycoldnpc",
        "hasItemText": [
          "Wonderful, see, you're getting the hang of it."
        ],

        "itemRequirement": ["stew"],
        "popup": {
          "title": "Quest completed!",
          "text": "@green@You have just finished @crimson@Arts and Craft@green@ quest.",
          "colour": "#33cc33"
        }
      }
    }
  },

  "ancientlands": {
    "name": "Ancient Lands",
    "description": "Discover the lands that lie beyond the great mountains.|A very spooky monument lies hidden in a peculiar icy place. You can find it by exploring the caves in the swamp lands. They may or may not be guarded by some ice golems or something, but you didn't hear that from me, I wouldn't possibly want to spoil anything for you.",
    "rewards": ["Snow potion", "Access to the mountains beyond"],
    "stages": {
      "0": {
        "task": "talk",
        "npc": "ancientmanumentnpc",
        "text": [
          "You seek to venture further east to the great beyond?",
          "Adventurer, I recognize your past experience",
          "I was there when you first arrived in this land.",
          "Should you know of the perils, I may not hold you back.",
          "But you must first complete a task to unlock the path.",
          "South of here lies a great maze, dark, cold, and full of perils.",
          "You must bring back the ancient ice sword lost within.",
          "In exchange, I will grant you access to the ancient lands.",
          "As well as knowledge of the snow potions, necessary for your survival beyond."
        ],

        "completedText": [
          "Find the ancient ice sword!"
        ]
      },

      "1": {
        "task": "talk",
        "npc": "ancientmanumentnpc",
        "hasItemText": [
          "You have returned with the ancient ice sword?",
          "I see, you have proven yourself worthy.",
          "Take this knowledge of the snow potions, and the path shall be yours."
        ],
        "itemRequirement": ["icesword"],
        "itemKey": "snowpotion",
        "popup": {
          "title": "Quest completed!",
          "text": "@green@You have just finished @crimson@Ancient Lands@green@ quest. You have received a @crimson@Snow Potion@green@!",
          "colour": "#33cc33"
        }
      }
    }
  },

  "evilsanta": {
    "name": "Evil Santa",
    "description": "The young sherpa on the mountain needs your help!|Okay so here's what's happening. You know how Santa is supposed to be nice and bring you presents? Well this one throws them in your face, so he must be stopped before he goes on one of his yearly rampages again!",
    "rewards": ["Access to the ice world!"],
    "stages": {
      "0": {
        "task": "talk",
        "npc": "snowshepherdboy",
        "text": [
          "Oh dear adventurer, I'm so glad you're here!",
          "I have discovered something sinister.",
          "You see, I came up here looking for Santa.",
          "But while I was looking through his factory",
          "I've stumbled upon his evil plan to take over the world!",
          "Please, you must help me defeat him.",
          "In exchange I will show you how to get to the hidden ice world."
        ],
        "completedText": [
          "Please start by exploring the factory on the northern side of the mountain.",
          "Come back to me when you have found any information."
        ]
      },
      "1": {
        "task": "door",
        "npc": "santaelfnpc",
        "text": [
          "Welcome to Santa's sweatshop, how may I help you?",
          "Oh, an adventurer! Please, you must try to help me!",
          "The other 50 of you died trying to take on Santa!",
          "It's not worth it man, oh geez, just please, help me!",
          "No, please, don't try to fight Santa, he's too strong!",
          "But if you really insist you must first obtain a key..."
        ],

        "completedText": [
          "If you really feel you can take him on, the only way",
          "is by obtaining the magical key that lets you in his chamber."
        ]
      },
      "2": {
        "task": "talk",
        "npc": "snowshepherdboy",
        "text": [
          "You have some information don't you?",
          "I see, you need a magical key to get into Santa's room.",
          "I know the elves hold the key, but it's a hit or miss",
          "if you'll be able to get one out of them. I guess you can try.",
          "However I think there is a less dangerous way to get the key.",
          "Perhaps it's worth checking out the underground factory?"
        ],

        "completedText": [
          "Try finding a key in the underground factory.",
          "If you manage, defeat the evil Santa and save the world!"
        ]
      },
      "3": {
        "task": "kill",
        "mob": ["santa"],
        "mobCountRequirement": 1
      },
      "4": {
        "task": "talk",
        "npc": "snowshepherdboy",
        "text": [
          "Congratulations, you did it!",
          "I will make sure to tell everyone about your heroic deeds.",
          "I will open up a path for you to the ice world."
        ],
        "popup": {
          "title": "Quest completed!",
          "text": "@green@You have just finished @crimson@Evil Santa@green@ quest. You can now access the @crimson@Ice World@green@",
          "colour": "#33cc33"
        }
      }
    }
  },

  "clamchowder": {
    "name": "Clam Chowder",
    "description": "Some human being needs your help in the ice world.|Someone, somewhere, I can't say where because I'm spoiling what's upcoming in this game needs your help to make some clam chowder. You know, I feel like I'm spoiling it already by telling you what the quest requires but knowing how these quests are setup should tell you that it may not just be about clam chowder.",
    "reward": ["Nothing in particular"],

    "stages": {
      "0": {
        "task": "talk",
        "npc": "bluebikinigirlnpc",
        "text": [
          "Oh hello, you look particularly capable of running some errands.",
          "You see, I was trying to cook some clam chowder but I'm missing the ingredients",
          "primarily the clam meat.", "Could you defeat some clams and bring me some meat?",
          "Lets say 5 of them?"
        ],
        "completedText": [
          "Please bring me 5 clam meat."
        ]
      },

      "1": {
        "task": "talk",
        "npc": "bluebikinigirlnpc",
        "hasItemText": [
          "Oh no adventurer, I almost forgot!",
          "I don't actually need the clam chowder.",
          "So you've probably heard this before but I'm too lazy",
          "to come up with a better lie.",
          "Okay, so my grandmother is very sick and I need you",
          "to find out where she is.", "I was supposed to take care",
          "of her but I really wanted to go to the ice beach.",
          "I know one of the villagers might've seen her recently."
        ],

        "completedText": [
          "Please find out where my grandmother is.",
          "If you ask some of the villagers you might find some information."
        ],

        "itemRequirement": ["clamobject"],
        "itemRequirementCount": [5]
      },
      
      "2": {
        "task": "talk",
        "npc": "doctor",
        "text": [
          "Oh hey there, how is your day going?",
          "Oh you are looking for that girl's grandmother?",
          "You know that's not actually her grandmother, she just likes",
          "sending adventurers on redundant quests.",
          "Regardless, I can tell you where she was last seen",
          "if you bring me 2 clam chowders."
        ],

        "completedText": [
          "Please bring me 2 clam chowders and I'll tell you what I know."
        ]
      },

      "3": {
        "task": "talk",
        "npc": "doctor",
        "hasItemText": [
          "Thank you so much, clam chowder is quite the delicacy around here.",
          "Maybe it has something to do with the surplus of clams.",
          "Anyway, I can tell you that I've seen that old lady venture",
          "into the ice forest in one of the caves trying to find mushrooms.",
          "It's probably your best bet to check out the caves nearby."
        ],

        "completedText": [
          "You should probably check out the caves nearby."
        ],

        "itemRequirement": ["clamchowder"],
        "itemRequirementCount": [2]
      },

      "4": {
        "task": "talk",
        "npc": "oldlady2",
        "text": [
          "No no no, absolutely not!",
          "I am not moving from here, let me just enjoy my last days.",
          "Unless of course you bring me 2 hot bowls of clam chowder.",
          "But even then I might not actually wanna go.",
          "That granddaughter of mine doesn't care about me.",
          "Why is it such a recurring theme in this game?"
        ],

        "completedText": [
          "I might sorta possibly potentially move if you bring me",
          "2 hot bowls of clam chowder."
        ]
      },

      "5": {
        "task": "talk",
        "npc": "oldlady2",
        "hasItemText": [
          "Oh my, this is delicious!",
          "I guess I'll get out of here.",
          "Tell that granddaughter of mine that I am very hurt."
        ],

        "completedText": [
          "Tell that granddaughter of mine that I am very hurt."
        ],

        "itemRequirement": ["clamchowder"],
        "itemRequirementCount": [2]
      },

      "6": {
        "task": "talk",
        "npc": "bluebikinigirlnpc",
        "text": [
          "Oh my, I really didn't expect to see you again.",
          "Oh you even found her? That's... great!",
          "Here is a small reward for your troubles."
        ],

        "itemKey": "gold",
        "itemAmount": 7500,
        
        "popup": {
          "title": "Quest completed!",
          "text": "@green@You have just finished @crimson@Clam Chowder@green@ quest.",
          "colour": "#33cc33"
        }
      }
    }
  }
}
