{
    "oak": {
        "levelRequirement": 1,
        "experience": 10,
        "difficulty": 10,
        "item": "logs"
    },

    "oak2": {
        "levelRequirement": 1,
        "experience": 10,
        "difficulty": 10,
        "item": "logs"
    },

    "oak3": {
        "levelRequirement": 1,
        "experience": 10,
        "difficulty": 10,
        "item": "logs"
    },

    "oak4": {
        "levelRequirement": 1,
        "experience": 10,
        "difficulty": 10,
        "item": "logs"
    },

    "oak5": {
        "levelRequirement": 1,
        "experience": 10,
        "difficulty": 10,
        "item": "logs"
    },

    "snowoak": {
        "levelRequirement": 20,
        "experience": 75,
        "difficulty": 90,
        "item": "icelogs"
    },

    "tutorialsnowoak": {
        "levelRequirement": 1,
        "experience": 10,
        "difficulty": 5,
        "item": "logs",
        "quest": "tutorial"
    },

    "palm": {
        "levelRequirement": 5,
        "experience": 15,
        "difficulty": 25,
        "item": "palmlogs"
    },

    "iceoak": {
        "levelRequirement": 10,
        "experience": 30,
        "difficulty": 50,
        "item": "icelogs"
    },

    "iceoak2": {
        "levelRequirement": 10,
        "experience": 30,
        "difficulty": 50,
        "item": "icelogs"
    },

    "iceoak3": {
        "levelRequirement": 10,
        "experience": 30,
        "difficulty": 50,
        "item": "icelogs"
    },

    "iceoak4": {
        "levelRequirement": 10,
        "experience": 30,
        "difficulty": 50,
        "item": "icelogs"
    },

    "icepalm": {
        "levelRequirement": 15,
        "experience": 55,
        "difficulty": 65,
        "item": "icepalmlogs"
    },

    "pine": {
        "levelRequirement": 20,
        "experience": 75,
        "difficulty": 80,
        "item": "icepinelogs"
    },

    "willow": {
        "levelRequirement": 30,
        "experience": 150,
        "difficulty": 160,
        "item": "willowlogs"
    },

    "bloodwood": {
        "levelRequirement": 40,
        "experience": 350,
        "difficulty": 240,
        "item": "bloodwoodlogs"
    }
}